id;name;description;cost;image;image_content_type;status
1;invoice International Sports;back up concept port;90817;../fake-data/blob/hipster.png;image/png;BLOCKED
2;functionalities backing up Salad;Granite action-items;65011;../fake-data/blob/hipster.png;image/png;PENDING
3;Garden SQL;Awesome Soft Soap Cameroon;54654;../fake-data/blob/hipster.png;image/png;INACTIVE
4;Riel Licensed Accountability;overriding;7087;../fake-data/blob/hipster.png;image/png;INACTIVE
5;Borders;Dynamic 24 hour Metal;978;../fake-data/blob/hipster.png;image/png;PENDING
6;Movies interface;Creative;65982;../fake-data/blob/hipster.png;image/png;PENDING
7;Zimbabwe Dollar generating;Avon indexing SSL;20526;../fake-data/blob/hipster.png;image/png;BLOCKED
8;India;markets azure;6597;../fake-data/blob/hipster.png;image/png;ACTIVE
9;innovative tan;Fresh technologies solid state;9916;../fake-data/blob/hipster.png;image/png;ACTIVE
10;Heights Soap;Awesome Granite Sausages Plastic incubate;91051;../fake-data/blob/hipster.png;image/png;ACTIVE
