id;name;description;created;image;image_content_type;status;user_id
1;index intuitive;aggregate;2020-11-04T04:25:41;../fake-data/blob/hipster.png;image/png;BLOCKED;1
2;Strategist interface Faroe Islands;Rubber;2020-11-03T18:57:58;../fake-data/blob/hipster.png;image/png;BLOCKED;1
3;Springs Colorado Computer;cross-platform magenta;2020-11-04T16:06:31;../fake-data/blob/hipster.png;image/png;BLOCKED;2
4;hacking Savings Account;Refined Virtual Bedfordshire;2020-11-04T16:17:17;../fake-data/blob/hipster.png;image/png;ACTIVE;1
5;applications visualize Dynamic;Incredible Assistant;2020-11-04T16:30:44;../fake-data/blob/hipster.png;image/png;INACTIVE;1
6;Infrastructure ADP infrastructure;logistical;2020-11-04T07:21:16;../fake-data/blob/hipster.png;image/png;BLOCKED;2
7;parsing payment online;Global Fresh;2020-11-03T21:04:37;../fake-data/blob/hipster.png;image/png;ACTIVE;1
8;program Branding;lavender Illinois Gloves;2020-11-04T03:57:54;../fake-data/blob/hipster.png;image/png;PENDING;2
9;Cuban Peso Peso Convertible Communications Cayman Islands;Forest;2020-11-03T18:52:27;../fake-data/blob/hipster.png;image/png;BLOCKED;1
10;analyzing deposit Sausages;JSON aggregate Drives;2020-11-04T03:33:03;../fake-data/blob/hipster.png;image/png;ACTIVE;1
