id;name;image;image_content_type;status;description;unit_id
1;Up-sized collaborative application;../fake-data/blob/hipster.png;image/png;BLOCKED;Representative;1
2;benchmark Kansas relationships;../fake-data/blob/hipster.png;image/png;PENDING;Assistant Research;2
3;backing up Missouri;../fake-data/blob/hipster.png;image/png;INACTIVE;maroon infrastructure;3
4;Virtual Small Soft Bacon Investor;../fake-data/blob/hipster.png;image/png;ACTIVE;human-resource Associate;4
5;lavender;../fake-data/blob/hipster.png;image/png;PENDING;Avon Incredible Concrete Mouse;5
6;Car;../fake-data/blob/hipster.png;image/png;PENDING;Plastic;6
7;input technologies transmitter;../fake-data/blob/hipster.png;image/png;BLOCKED;Tasty Concrete Car matrix;7
8;invoice;../fake-data/blob/hipster.png;image/png;ACTIVE;Sports lime;8
9;Berkshire Practical;../fake-data/blob/hipster.png;image/png;INACTIVE;Alaska New Hampshire;9
10;payment;../fake-data/blob/hipster.png;image/png;ACTIVE;Refined Books Designer;10
