id;name;text;status
1;Lake viral;Tennessee syndicate program;PENDING
2;Wooden Administrator withdrawal;PCI Nepalese Rupee backing up;ACTIVE
3;Investment Account Handmade Rubber Towels executive;XSS;INACTIVE
4;Jamaican Dollar microchip mobile;Car;INACTIVE
5;Managed withdrawal Auto Loan Account;non-volatile networks Borders;BLOCKED
6;Open-architected Accounts black;North Korean Won;BLOCKED
7;navigate calculate Function-based;Central Fish Generic;ACTIVE
8;calculating Re-contextualized Soft;array Republic of Korea convergence;ACTIVE
9;pricing structure Clothing backing up;Pass;INACTIVE
10;Soft;Frozen CFP Franc synthesizing;ACTIVE
